,"Jim Sturgess, Kevin Spacey, Kate Bosworth, Aaron Yoo, Liza Lapira, Jacob Pitts, Laurence Fishburne, Jack McGee, Josh Gad, Sam Golzari, Helen Carey, Jack Gilpin",United States,"January 1, 2020",A brilliant group of students become card-counting experts with the intent of swindling millions out of Las Vegas casinos by playing blackjack.,Robert Luketic,123 min,Dramas,PG-13,2008,s5,21,Movie
,"Rajneesh Duggal, Adah Sharma, Indraneil Sengupta, Anjori Alagh, Rajendranath Zutshi, Vipin Sharma, Amin Hajee, Shri Vallabh Vyas",India,"December 15, 2017",An architect and his wife move into a castle that is slated to become a luxury hotel. But something inside is determined to stop the renovation.,Vikram Bhatt,143 min,"Horror Movies, International Movies, Thrillers",TV-MA,2008,s10,1920,Movie
,"Steven Strait, Camilla Belle, Cliff Curtis, Joel Virgel, Affif Ben Badra, Mo Zinal, Nathanael Baring, Mona Hammond, Omar Sharif","United States, South Africa","June 1, 2019",Fierce mammoth hunter D'Leh sets out on an impossible journey to rescue the woman he loves from a vicious warlord and save the people of his village.,Roland Emmerich,109 min,Action & Adventure,PG-13,2008,s51,"10,000 B.C.",Movie
,"Ramzy Bedia, Éric Judor, Benoît Magimel, Kristin Scott Thomas, Élodie Bouchez, Édouard Baer, Fred Testot, Omar Sy",France,"June 1, 2020","A bumbling Paris policeman is doggedly determined to capture the master thief that repeatedly eludes him, even when they're the last two men on Earth.","Ramzy Bedia, Éric Judor",97 min,"Comedies, International Movies",TV-MA,2008,s78,2 Alone in Paris,Movie
,"John Lloyd Cruz, Sarah Geronimo, Dante Rivero, Rowell Santiago, Johnny Revilla, Bing Pimental, Daphne Oseña-Paez, Al Tantay, Irma Adlawan, Arno Morales, Miles Ocampo",Philippines,"November 12, 2020","After landing a job working for her longtime crush, an optimistic woman realizes that the man of her dreams isn't exactly who she envisioned.",Cathy Garcia-Molina,107 min,"International Movies, Romantic Movies",TV-G,2008,s250,A Very Special Love,Movie
,"Anupam Kher, Naseeruddin Shah, Jimmy Shergill, Deepal Shaw, Aamir Bashir, Kali Prasad Mukherjee, Vijay Bhatia, Chetan Pandit",India,"November 1, 2018","After receiving an anonymous tip about a bomb, a police commissioner must negotiate with the terrorist, who demands the release of four militants.",Neeraj Pandey,103 min,"Action & Adventure, Dramas, International Movies",TV-MA,2008,s252,A Wednesday,Movie
,"Rajeev Khandelwal, Gajraj Rao, Shashanka Ghosh, Jhilmil Hazrika, Gazala Amin, Allauddin Khan",India,"November 1, 2018","In this high-tension thriller, an anonymous caller on a cell phone threatens to harm a man's family if he doesn't carry out every order.",Raj Kumar Gupta,95 min,"International Movies, Thrillers",TV-14,2008,s270,Aamir,Movie
,"Ezra Miller, Addison Timlin, Jeremy Allen White, Michael Stuhlbarg, Emory Cohen, David Costabile, Rosemarie DeWitt, Dariusz M. Uczkowski, Gary Wilmes, Paul Sparks, Alexandra Neil, Lee Wilkof",United States,"August 13, 2020","When a prep school loner films two classmates overdosing on cocaine, his footage plays a role in the emotional fallout within the school community.",Antonio Campos,107 min,"Dramas, Independent Movies",TV-MA,2008,s332,Afterschool,Movie
,"Mohamed Henedi, Heba Nour, Dawood Hussain, Amr Abdel-Geleel, Mohammed El Sadaany, Mohamed Sherif Hassan",Egypt,"June 2, 2020","Aiming for fame, a struggling singer finds his long-lost millionaire twin and falls for his brother's secretary as a plot brews to steal the fortune.",Wael Ehsan,106 min,"Comedies, International Movies",TV-14,2008,s507,Andaleeb El Dokki,Movie
,"Herjunot Ali, Winky Wiryawan, Erly Ashy, Laura Basuki, Tarzan, Aida Nurmala, Otto Djauhari, Indra Herlambang",Indonesia,"December 8, 2018","After losing a World Cup bet, two hapless buddies must use their wits to pay off their debt to a big Jakarta bookie in this action-packed comedy.","Agasyah Karim, Khalid Kashogi",75 min,"Comedies, Dramas, International Movies",TV-14,2008,s797,Because of Soccer,Movie
,"Adam Sandler, Keri Russell, Guy Pearce, Russell Brand, Richard Griffiths, Jonathan Pryce, Courteney Cox, Lucy Lawless, Teresa Palmer, Aisha Tyler, Laura Ann Kesling, Jackie Sandler, Lorna Scott, Dana Min Goodman, Andrew Collins, Jonathan Loughran, Jonathan Morgan Heit, Nick Swardson, Tim Herlihy, Billy Tyler, Johntae Lipscomb, Mikey Post, Sebastian Saraceno, Bill Romanowski, Sadie Sandler, Carmen Electra, Allen Covert, Kathryn Joosten, Annalise Basso, Blake Clark, Julia Lea Wolov, Sarah G. Buxton",United States,"March 5, 2019",Skeeter's life is turned upside down when the fantastical stories he makes up to entertain his niece and nephew inexplicably turn into reality.,Adam Shankman,100 min,"Children & Family Movies, Comedies",PG,2008,s803,Bedtime Stories,Movie
,"Paul Kalkbrenner, Rita Lengyel, Corinna Harfouch, Araba Walton, Peter Schneider, Rolf Peter Kahl, Henriette Müller, Udo Kroschwald, Megan Gay, Max Mauff",Germany,"January 15, 2017","DJ Ickarus is at the top of his game, dazzling fans and touring the world – until he gets locked in the loony bin after taking a few too many drugs.",Hannes Stöhr,105 min,"Dramas, International Movies, Music & Musicals",TV-MA,2008,s839,Berlin Calling,Movie
,"Masakazu Morita, Fumiko Orikasa, Aya Hirano, Hiroshi Kamiya, Mitsuaki Madono, Ryotaro Okiayu, Kentaro Ito, Shinichiro Miki, Satsuki Yukino, Masaaki Tsukada",Japan,"October 15, 2016","When his mind is fogged by a scimitar-weilding stranger, Mayuri destroys his laboratory, unleashing a cloud of reishi that lays waste to the Seiretei.",Noriyuki Abe,94 min,"Action & Adventure, Anime Features, Sci-Fi & Fantasy",TV-PG,2008,s975,Bleach The Movie: Fade to Black,Movie
,"John Travolta, Miley Cyrus, Susie Essman, Mark Walton, Malcolm McDowell, James Lipton, Greg Germann, Diedrich Bader, Nick Swardson, J.P. Manoux, Dan Fogelman, Kari Wahlgren, Chloë Grace Moretz, Randy Savage, Ronn Moss, John DiMaggio, Daran Norris, Jeff Bennett, Brian Stepanek, Todd Cummings",United States,"July 22, 2018","This tale follows German shepherd Bolt, a canine actor who makes a cross-country trek when he's mistakenly shipped from Hollywood to New York City.","Byron Howard, Chris Williams",99 min,"Children & Family Movies, Comedies",PG,2008,s1031,Bolt,Movie
,"Mohamed Saad, Zeina, Ezzat Abou Aouf, Edward, Hassan Hosny, Ahmed Rateb, Hamdi el Sakhawy, Safaa El-Toukhy",Egypt,"April 28, 2020",A former goalkeeper-turned-talent scout embarks on a mischievous adventure to recruit players for Egyptian football clubs.,"Ahmed Yousry, Hazem Fouda",100 min,"Comedies, International Movies",TV-MA,2008,s1066,Boushkash,Movie
,"Mahesh Bhatt, Mithun Chakraborty, G.K. Desai, Celina Jaitly, Karan Johar, Ekta Kapoor, Tusshar Kapoor, Anupam Kher, Ashok Pandit, Lalit Parashar, Raima Sen, Rajpal Yadav",India,"May 31, 2019","To blow off some steam, friends Akshay, Joshi and Lambodar, posing as a gang called C Kkompany, make a phony extortion demand to Joshi's apathetic son. The trio is shocked when their prank call makes them anonymous celebrities.",Sachin Yardi,127 min,"Action & Adventure, Comedies, International Movies",TV-14,2008,s1160,C Kkompany,Movie
,"Sharon Cuneta, John Estrada, John Manalo, Rica Peralejo, Jhong Hilario, Saul Reichlin, Matthew Rutherford, Claire Jeater, Makisig Morales, Mickey Ferriols",Philippines,"March 5, 2019","Sarah leaves her son in the Philippines to reunite with her husband in London, where she struggles personally and professionally as a care-home worker.",Chito S. Roño,131 min,"Dramas, International Movies",TV-14,2008,s1217,Caregiver,Movie
,"Lizzy Caplan, Jessica Lucas, T.J. Miller, Michael Stahl-David, Mike Vogel, Odette Annable, Anjul Nigam, Margot Farley, Theo Rossi, Brian Klugman",United States,"January 1, 2020",A going-away party in Manhattan is interrupted when a mysterious monster of epic proportions launches an attack on New York City.,Matt Reeves,85 min,"Action & Adventure, Horror Movies, Sci-Fi & Fantasy",PG-13,2008,s1429,Cloverfield,Movie
,"Randeep Hooda, Nandana Sen, Jim Boeven, Paresh Rawal, Tom Alter, Vikram Gokhale, Vipin Sharma, Gaurav Dwivedi",India,"May 25, 2018","Seeking inspiration, a young 19th-century painter finds a woman who is his love, his muse and his willing subject, but his work becomes controversial.",Ketan Mehta,114 min,"Dramas, International Movies",TV-14,2008,s1468,Colours of Passion,Movie
,"Adhvik Mahajan, Prasad Purandhare, Sakshi Gulati, Zakir Hussain, Amruta Subhash, Kishore Kadam, Sumeet Nijhawan, Upyendra Limaye",India,"March 2, 2019","Following the death of his wife and daughter in a terrorist attack, an ex-Indian army commando agrees to infiltrate a terrorist cell.",Ram Gopal Varma,116 min,"Action & Adventure, Dramas, Independent Movies",TV-14,2008,s1490,Contract,Movie
,"Daniel Craig, Liev Schreiber, Jamie Bell, Alexa Davalos, Allan Corduner, Mark Feuerstein, Tomas Arana, Jodhi May, Kate Fahy, Iddo Goldberg, George MacKay, Iben Hjejle, Martin Hancock, Jacek Koman, Ravil Isyanov",United States,"November 27, 2019","In this action-packed drama based on an extraordinary true story, four brothers protect more than 1,000 Jewish refugees during World War II.",Edward Zwick,137 min,"Action & Adventure, Dramas",R,2008,s1686,Defiance,Movie
,"Abhishek Bachchan, John Abraham, Priyanka Chopra, Bobby Deol, Kiron Kher, Sushmita Mukherjee, Shrey Bawa, Boman Irani","India, United States","April 1, 2020","To win over a landlady who only accepts women as tenants, two men pose as a couple – but the jig may be up when they both fall for their flatmate.",Tarun Mansukhani,142 min,"Comedies, Dramas, International Movies",TV-14,2008,s1832,Dostana,Movie
,"Meryl Streep, Philip Seymour Hoffman, Amy Adams, Viola Davis, Alice Drummond, Audrie Neenan, Susan Blommaert, Carrie Preston, Lydia Jordan, Lloyd Clay Brown",United States,"March 7, 2019","Sister Aloysius begins to have doubts about doting Father Flynn, who seems to have become overly involved in the life of an African American pupil.",John Patrick Shanley,104 min,"Dramas, Faith & Spirituality",PG-13,2008,s1837,Doubt,Movie
,"Sanjay Dutt, Arjun Rampal, Malaika Arora, Aashish Chaudhary, Neha Uberoi, Urmila Matondkar, Manoj Joshi, Daya Shanker Pandey, Pushkar Jog, Kulbhushan Kharbanda",India,"May 15, 2019",A bank hires an enigmatic and unorthodox debt collector to recover money from four borrowers who are unable to pay their loans.,Saurabh Kabra,128 min,"Comedies, Dramas, International Movies",TV-14,2008,s1989,EMI: Liya Hai To Chukana Padega,Movie
,"Priyanka Chopra, Kangana Ranaut, Mugdha Godse, Arbaaz Khan, Arjan Bajwa, Raj Babbar, Kiran Juneja, Samir Soni",India,"August 2, 2018",A small-town girl finally realizes her dream of becoming a famous supermodel but soon finds there's a price for her glamorous new life.,Madhur Bhandarkar,158 min,"Dramas, International Movies",TV-MA,2008,s2120,Fashion,Movie
,Luke Jurevicius,United Kingdom,"September 1, 2016",Quirky little Figaro has a whole alphabet's worth of phobias. These wordless animated shorts follow his many fears from A to Z.,Luke Jurevicius,29 min,"Children & Family Movies, Comedies",TV-Y7,2008,s2158,Figaro Pho,Movie
,"Greg Kinnear, Lauren Graham, Dermot Mulroney, Alan Alda, Bill Smitrovich, Mitch Pileggi, Daniel Roebuck, Tim Kelleher, Aaron Abrams, Chuck Shamata, Andrew Gillies","Canada, United States","January 16, 2017",A college professor goes up against the giants of the auto industry when they fail to give him credit for inventing intermittent windshield wipers.,Marc Abraham,119 min,Dramas,PG-13,2008,s2203,Flash of Genius,Movie
,"Vince Vaughn, Reese Witherspoon, Robert Duvall, Sissy Spacek, Jon Voight, Jon Favreau, Mary Steenburgen, Dwight Yoakam, Tim McGraw, Kristin Chenoweth","Germany, United States","January 1, 2021",A dating couple is forced to spend their first Christmas together visiting each of their four divorced parents – in a single day.,Seth Gordon,88 min,"Comedies, Romantic Movies",PG-13,2008,s2249,Four Christmases,Movie
,"Melissa Leo, Misty Upham, Charlie McDermott, Michael O'Keefe, Mark Boone Junior, James Reilly, Jay Klaitz, John Canoe, Dylan Carusona, Michael Sky",United States,"July 1, 2019","On a Mohawk reservation on the Canadian border, Ray Eddy teams with a widowed tribe member to smuggle illegal immigrants into the United States.",Courtney Hunt,97 min,"Dramas, Independent Movies",R,2008,s2303,Frozen River,Movie
,"Frank Welker, Tim Conway, Gregg Berger, Wally Wingert, Audrey Wasilewski, Fred Tatasciore, Stephen Stanton, Jennifer Darling, Neil Ross, Greg Eagles","United States, South Korea","January 1, 2020","Garfield has long been the champ at a yearly competition for the funniest comic strip. But this time, Garfield must battle tall, handsome Ramone.","Mark A.Z. Dippé, Eondeok Han",79 min,"Children & Family Movies, Comedies",TV-Y7,2008,s2357,Garfield's Fun Fest,Movie
,"Steve Carell, Anne Hathaway, Dwayne Johnson, Alan Arkin, Terence Stamp, Terry Crews, David Koechner, James Caan, Masi Oka, Nate Torrence, Bill Murray",United States,"April 1, 2019","When the identities of secret agents are compromised, hapless Maxwell Smart teams with far more capable Agent 99 to thwart an evil terrorist group.",Peter Segal,110 min,"Action & Adventure, Comedies",PG-13,2008,s2389,Get Smart,Movie
,Gina Yashere,United Kingdom,"December 31, 2018","Standup comedian and \"Daily Show\" correspondent Gina Yashere delivers a sharp set of wry observations on the environment, money and more.","",58 min,Stand-Up Comedy,TV-MA,2008,s2417,Gina Yashere: Skinny B*tch,Movie
,"Ajay Devgn, Kareena Kapoor, Arshad Warsi, Tusshar Kapoor, Shreyas Talpade, Celina Jaitly, Amrita Arora, Anjana Sukhani",India,"September 28, 2020",A man's relationship with his jealous wife enters choppy waters after he has to spend a night on a yacht with a woman he's rescued from gangsters.,Rohit Shetty,135 min,"Comedies, International Movies, Music & Musicals",TV-MA,2008,s2471,Golmaal Returns,Movie
,"Clint Eastwood, Bee Vang, Ahney Her, Christopher Carley, John Carroll Lynch, Brian Haley, Geraldine Hughes, Brian Howe, William Hill, Dreama Walker","Germany, United States","October 1, 2020",A newly widowed Korean War veteran faces his racism and his past when the son of the Hmong family next door tries to steal his beloved 1972 Gran Torino.,Clint Eastwood,117 min,Dramas,R,2008,s2511,Gran Torino,Movie
,"John Cho, Kal Penn, Rob Corddry, Jack Conley, Roger Bart, Neil Patrick Harris, Danneel Ackles, Eric Winter, Paula Garcés, Jon Reep, Missi Pyle",United States,"October 1, 2019",Harold and Kumar jump on a plane to catch up with Harold's love interest but must change their plans when Kumar is accused of being a terrorist.,"Jon Hurwitz, Hayden Schlossberg",101 min,"Comedies, Cult Movies",R,2008,s2631,Harold & Kumar Escape from Guantanamo Bay,Movie
,"Apisit Opasaimlikit, Suthep Po-ngam, Phichet Iamchaonaa, Note Chern-Yim",Thailand,"July 30, 2018","Former rap musician Joey Boy is now a monk who takes Father Teng's place at his rural temple, where a crisis develops involving a nearby stone quarry.",Note Chern-Yim,92 min,"Comedies, Faith & Spirituality, International Movies",TV-14,2008,s2783,Holy Man 2,Movie
,"John Cusack, Steve Buscemi, Sean Hayes, Molly Shannon, Eddie Izzard, Jennifer Coolidge, Jay Leno","United States, France","September 1, 2019","Igor, the brilliant but deformed assistant to mad Dr. Glickenstein, dreams of winning the Evil Science Fair and the heart of village beauty Gretchen.",Tony Leondis,87 min,Children & Family Movies,PG,2008,s2943,Igor,Movie
,"Harrison Ford, Cate Blanchett, Karen Allen, Ray Winstone, John Hurt, Jim Broadbent, Igor Jijikine, Shia LaBeouf",United States,"January 1, 2019","Indiana Jones is drawn into a Russian plot to unearth the Crystal Skulls of Akator, Amazonian artifacts with supernatural powers.",Steven Spielberg,123 min,"Action & Adventure, Children & Family Movies, Sci-Fi & Fantasy",PG-13,2008,s2991,Indiana Jones and the Kingdom of the Crystal Skull,Movie
,"Brendan Fraser, Paul Bettany, Helen Mirren, Jim Broadbent, Andy Serkis, Sienna Guillory, Eliza Bennett, Rafi Gavron, Lesley Sharp, Jamie Foreman","Germany, United Kingdom, United States","July 1, 2019","Unbeknownst to his 12-year-old daughter, a bookbinder has a secret ability to bring characters to life by reading their stories out loud.",Iain Softley,106 min,"Action & Adventure, Children & Family Movies, Sci-Fi & Fantasy",PG,2008,s3007,Inkheart,Movie
,Arthur Shawcross,United States,"August 1, 2016","In this jailhouse interview, Arthur Shawcross, the Genesee River Killer, shares candid details of his crimes and his surprising family bonds.",Christopher Martin,45 min,Documentaries,TV-MA,2008,s3030,Interview with a Serial Killer,Movie
,"Donnie Yen, Simon Yam, Louis Fan, Lam Ka Tung, Xing Yu, Wong You-nam, Chen Zhi Hui, Lynn Hung, Hiroyuki Ikeuchi","Hong Kong, China","January 15, 2016","An occupying Japanese general challenges Chinese men to duels to prove the superiority of the Japanese, but Ip Man refuses to fight – at first.",Wilson Yip,107 min,"Action & Adventure, Dramas, International Movies",R,2008,s3048,Ip Man,Movie
,"Imran Khan, Genelia D'Souza, Manjari Fadnis, Ayaz Khan, Prateik, Ratna Pathak Shah, Arbaaz Khan, Sohail Khan",India,"January 10, 2021",Soft-spoken Jai and spitfire beauty Aditi couldn't be more different – but their family and friends know that they're a perfect match.,Abbas Tyrewala,147 min,"Comedies, International Movies, Music & Musicals",TV-14,2008,s3094,Jaane Tu... Ya Jaane Na,Movie
,"Jeff Dunham, Brian Haner",United States,"March 15, 2019","Politically incorrect, sometimes raunchy ventriloquist Jeff Dunham is joined by his irreverent cast of characters in this hilarious Christmas special.",Michael Simon,85 min,Stand-Up Comedy,TV-MA,2008,s3141,Jeff Dunham's Very Special Christmas Special,Movie
,"Hrithik Roshan, Aishwarya Rai Bachchan, Sonu Sood, Poonam Sinha, Suhasini Mulay, Ila Arun, Raza Murad, Kulbhushan Kharbanda, Abeer Abrar",India,"October 1, 2018","In 16th-century India, what begins as a strategic alliance between a Mughal emperor and a Hindu princess becomes a genuine opportunity for true love.",Ashutosh Gowariker,214 min,"Action & Adventure, Dramas, International Movies",TV-14,2008,s3196,Jodhaa Akbar,Movie
,"Himesh Reshammiya, Urmila Matondkar, Shweta Kumar, Dino Morea, Raj Babbar, Danny Denzongpa, Gulshan Grover, Rohini Hattangadi, Asrani, Smita Bansal",India,"October 22, 2017","When flashbacks reveal that he's the reincarnation of a man murdered by his wife, rock star Monty sets out to get revenge for the decades-old crime.",Satish Kaushik,137 min,"International Movies, Music & Musicals, Romantic Movies",TV-14,2008,s3312,Karzzzz,Movie
,"Shahid Kapoor, Vidya Balan, Juhi Chawla, Om Puri, Vishal Malhotra, Karanvir Bohra, Amit Varma",India,"October 1, 2018","A man finds his lucky charm in the form of a woman whom he had once clashed with on every level, but on whose presence he must now rely to succeed.",Aziz Mirza,145 min,"Comedies, International Movies, Music & Musicals",TV-PG,2008,s3411,Kismat Konnection,Movie
,"Diane Keaton, Queen Latifah, Katie Holmes, Ted Danson, Roger Cross, Adam Rothenberg, Stephen Root, Christopher McDonald, Meagen Fay, J.C. MacKenzie, Finesse Mitchell, Eric Keenleyside",United States,"November 1, 2019",A woman joins the janitorial staff of the Federal Reserve Bank and conspires with two co-workers to pilfer old money that's scheduled to be destroyed.,"Callie Khouri, Jesse V. Johnson",99 min,Comedies,PG-13,2008,s3840,Mad Money,Movie
,"Ben Stiller, Chris Rock, David Schwimmer, Jada Pinkett Smith, Sacha Baron Cohen, Cedric the Entertainer, Andy Richter, Bernie Mac, Alec Baldwin, Sherri Shepherd",United States,"May 1, 2020","A botched rescue strands Alex the lion and his companions in Africa. Sadly, Alex discovers he has little in common with the locals.","Eric Darnell, Tom McGrath",91 min,"Children & Family Movies, Comedies",PG,2008,s3844,Madagascar: Escape 2 Africa,Movie
,"Fayez Al-Malki, Mona Wasef, Abdel Imam Abdullah, Reem Abdel Aziz, Dana Jabr, Emad Al Youssef, Remas Mansoor, Khalid Mengah",Saudi Arabia,"June 11, 2020","A stranger to civilian life, a young Saudi farmer travels to Dubai, where he experiences a series of hilarious misadventures.",Ayman Makram,101 min,"Comedies, International Movies",TV-14,2008,s4035,Menahi,Movie
,Mike Birbiglia,United States,"November 22, 2019",Mike Birbiglia performs in this live concert special that features a riotous selection of the unique insights and observations culled from his diary.,"",56 min,Stand-Up Comedy,TV-MA,2008,s4094,Mike Birbiglia: What I Should Have Said Was Nothing: Tales from My Secret Public Journal,Movie
,"Sean Penn, Emile Hirsch, Josh Brolin, Diego Luna, James Franco, Alison Pill, Victor Garber, Denis O'Hare, Joseph Cross, Stephen Spinella, Lucas Grabeel, Brandon Boyce",United States,"February 16, 2017","Sean Penn stars in this biopic about Harvey Milk, the openly gay San Francisco politician who was murdered by a disgruntled city supervisor in 1978.",Gus Van Sant,128 min,"Dramas, Independent Movies, LGBTQ Movies",R,2008,s4102,Milk,Movie
,"Vivek Oberoi, Zayed Khan, Shriya Saran, Nikitin Dheer, Shabbir Ahluwalia, Sunil Shetty, Shweta Bhardwaj",India,"May 16, 2019",A television journalist makes a risky career move by accepting a job offer from a controversial Istanbul television station.,Apoorva Lakhia,119 min,"Action & Adventure, International Movies, Music & Musicals",TV-MA,2008,s4150,Mission Istaanbul: Darr Ke Aagey Jeet Hai,Movie
,"Graham Chapman, Eric Idle, Terry Jones, Michael Palin, Terry Gilliam, John Cleese","","October 2, 2018",Follow the evolution of the British sketch comedy troupe that redefined humor and shaped an entire generation of American comics.,Will Yapp,55 min,Documentaries,TV-MA,2008,s4210,Monty Python Conquers America,Movie
,"Madhavan, Irrfan Khan, Soha Ali Khan, Paresh Rawal, Kay Kay Menon, Anand Goradia, Vijay Maurya, Vibhavari Deshpande, Santosh Juvekar, Kamlesh Sawant",India,"November 1, 2018","A moving portrayal of the 2006 train bombings in Mumbai, this Indian drama follows the interconnected stories of several strangers.",Nishikant Kamat,135 min,"Dramas, International Movies",TV-MA,2008,s4280,Mumbai Meri Jaan,Movie
,"Mai Ezz El-Din, Khaled Abol Naga, Hassan Hosny, Marwa Abdel Monem, Moustafa Haridy, Nahla Zaki, Ezzat Abou Aouf, Reda Hamed, Muhammad Qishta",Egypt,"May 19, 2020","After undergoing hypnosis, Ramez finally meets the woman of his dreams — but his vision of her appearance doesn't quite match up with reality.",Ahmad El-Badri,93 min,"Comedies, International Movies",TV-PG,2008,s4357,My Sleeping Lover,Movie
,"Junko Takeuchi, Noriaki Sugiyama, Chie Nakamura, Kazuhiko Inoue, Satoshi Hino, Shinji Kawada, Nana Mizuki, Showtaro Morikubo, Rikiya Koyama, Motoko Kumai, Unsho Ishizuka",Japan,"October 15, 2016","When strange ninjas ambush the village of Konohagakure, it's up to adolescent ninja Naruto and his long-missing pal, Sasuke, to save the planet.",Hajime Kamegaki,93 min,"Action & Adventure, Anime Features, International Movies",TV-PG,2008,s4406,Naruto Shippûden the Movie: Bonds,Movie
,"Richard Gere, Diane Lane, Christopher Meloni, Viola Davis, Becky Ann Baker, Scott Glenn, Linda Molloy, Pablo Schreiber, Mae Whitman, Charlie Tahan","United States, Australia","July 1, 2019","When a hurricane hits a coastal North Carolina inn and strands the only guest, surgeon Paul Flanner, a young woman's life changes forever.",George C. Wolfe,97 min,"Dramas, Romantic Movies",PG-13,2008,s4474,Nights in Rodanthe,Movie
,"Abhay Deol, Paresh Rawal, Neetu Chandra, Archana Puran Singh, Manu Rishi Chadha, Richa Chadda, Anurag Arora, Rajender Sethi, Manjot Singh, Chandan Anand",India,"November 1, 2018","Starting as a petty thief, a man rises to become one of the city's biggest operators and carves out the kind of lifestyle he'd once only dreamed of.",Dibakar Banerjee,118 min,"Comedies, Dramas, International Movies",TV-14,2008,s4716,Oye Lucky! Lucky Oye!,Movie
,"Seth Rogen, James Franco, Danny McBride, Kevin Corrigan, Craig Robinson, Gary Cole, Rosie Perez, Ed Begley Jr., Nora Dunn, Amber Heard",United States,"September 1, 2020","After witnessing a murder, a perpetually stoned process server and his good-natured dealer go on the run from a drug lord who's out to kill them.",David Gordon Green,112 min,"Action & Adventure, Comedies",R,2008,s4862,Pineapple Express,Movie
,"Stephen Fry, Carys Doyle",Spain,"May 1, 2018","Acrobatic aliens arrive on spaceships and perform for everyone, but when angry aliens arrive as well, Pocoyo and his friends must now put on a show.",Alfonso Rodríguez,25 min,Movies,TV-Y,2008,s4890,Pocoyo & The Space Circus,Movie
,"Brittany Snow, Scott Porter, Jessica Stroup, Dana Davis, Collins Pennie, Kelly Blatz, James Ransone, Brianne Davis, Kellan Lutz, Mary Mara, Ming-Na Wen, Johnathon Schaech, Idris Elba","United States, Canada","November 12, 2020","On prom night, a high school senior still struggling with her nightmare past tries to evade a killer bent on ending the party for her and her friends.",Nelson McCormick,88 min,Horror Movies,PG-13,2008,s4990,Prom Night,Movie
,"Daniel Craig, Olga Kurylenko, Mathieu Amalric, Judi Dench, Giancarlo Giannini, Gemma Arterton, Jeffrey Wright, David Harbour, Jesper Christensen, Anatole Taubman","United Kingdom, United States","August 31, 2020","Picking up an hour after the events of 2006's Casino Royale, this James Bond adventure finds 007 tracking a traitor who's infiltrated Britain's MI6.",Marc Forster,106 min,Action & Adventure,PG-13,2008,s5029,Quantum of Solace,Movie
,"Madison Pettis, Sterling Beaumon, Luke Benward, Brian Stepanek, David DeLuise, Kim Rhodes, Adam Hicks, Ali Lohan, Sabrina Bryan, Rachel Winfree, Diego Acuña",United States,"August 1, 2018","After discovering a pair of young ghosts, a nebbish 11-year-old agrees to help the sibling spirits solve the mystery surrounding their demise.",Richard Correll,98 min,"Children & Family Movies, Comedies",PG,2008,s5047,R.L. Stine's Mostly Ghostly,Movie
,"Saif Ali Khan, Akshaye Khanna, Katrina Kaif, Bipasha Basu, Anil Kapoor, Sameera Reddy",India,"October 1, 2018",The plot thickens around two horse-racing competitors when three beautiful women come into their lives and a murder is committed.,"Mastan Alibhai Burmawalla, Abbas Alibhai Burmawalla",155 min,"Action & Adventure, International Movies, Music & Musicals",TV-14,2008,s5053,Race,Movie
,"Anne Hathaway, Rosemarie DeWitt, Debra Winger, Bill Irwin, Tunde Adebimpe, Mather Zickel, Anna Deavere Smith, Anisa George, Robyn Hitchcock, Sister Carol East, Sebastian Stan",United States,"September 1, 2019",Longstanding family conflicts resurface when a former model who's been in and out of rehab for a decade returns home for her sister's wedding.,Jonathan Demme,113 min,"Dramas, Independent Movies",R,2008,s5056,Rachel Getting Married,Movie
,Forbes KB,United Kingdom,"August 1, 2016","In an attempted heist worthy of a Hollywood film, a cadre of criminals sets out to steal the world's largest perfect diamond from a London landmark.",Tom Whitter,46 min,Documentaries,TV-14,2008,s5116,Real Crime: Diamond Geezers,Movie
,"Leonardo DiCaprio, Kate Winslet, Kathy Bates, Michael Shannon, Kathryn Hahn, David Harbour, Dylan Baker, Richard Easton, Zoe Kazan, Jay O. Sanders, Max Casella","United States, United Kingdom","November 1, 2019","April and Frank's marriage unravels when a plan to change their \"perfect\" lives becomes their last hope to escape lives engulfed in emptiness.",Sam Mendes,120 min,"Dramas, Romantic Movies",R,2008,s5189,Revolutionary Road,Movie
,"Robert De Niro, Al Pacino, 50 Cent, Carla Gugino, John Leguizamo, Donnie Wahlberg, Brian Dennehy, Trilby Glover",United States,"June 1, 2019","Two detectives investigate a rash of vigilante killings linked to an old case, suggesting they might have put an innocent man behind bars.",Jon Avnet,101 min,"Dramas, Thrillers",R,2008,s5208,Righteous Kill,Movie
,"Farhan Akhtar, Arjun Rampal, Purab Kohli, Luke Kenny, Prachi Desai, Shahana Goswami, Koel Purie",India,"December 15, 2019","Four friends hoped that their rock band would be a hit. After breaking up, the band members reunite and take another shot at fulfilling their dream.",Abhishek Kapoor,139 min,"Dramas, International Movies, Music & Musicals",TV-14,2008,s5243,Rock On!!,Movie
,"Shreyas Talpade, Subodh Bhave, Sai Tamhankar, Santosh Juvekar, Tushar Dalvi, Bharti Aacharekar",India,"January 1, 2018","In an effort to honor the family matriarch's dying wish, Urmila and her husband, Shrikant, embark on a quest to find a husband for charismatic yet choosey Sai. But some things are easier said than done.",Rajeev Patil,122 min,"Comedies, Dramas, International Movies",TV-14,2008,s5373,Sanai Choughade,Movie
,"Kimi Verma, Manpreet Singh, Arun Bali, Dolly Minhas, Avtar Gill, Manmeet Singh, Neelu Kohli, Vivek Shaq, Nirmal Rishi, Pooja Tandon",India,"January 30, 2019","Based on true events, this moving story centers on a Punjabi family whose celebration of their faith endures in the face of conflicting attitudes.",Kamal Sahani,141 min,"Dramas, Faith & Spirituality, International Movies",TV-14,2008,s5401,Sat Sri Akal,Movie
,"Wenpei Ju, Fan Wei, Liu Hua, Qianyuan Wang, Ren Zhengbin, He Jiang",China,"December 1, 2018","When a restaurant owner in Cyprus returns to Beijing to sign divorce papers, a drunk woman he encounters triggers a string of mishaps.",Liu Jiang,96 min,"Dramas, International Movies",TV-MA,2008,s5505,Set Off,Movie
,"Will Smith, Rosario Dawson, Woody Harrelson, Michael Ealy, Barry Pepper, Elpidia Carrillo, Robinne Lee, Joe Nunez, Bill Smitrovich, Tim Kelleher, Gina Hecht, Andy Milder, Judyann Elder, Sarah Jane Morris",United States,"December 1, 2018","Weighed down by a dark secret, IRS agent Ben Thomas tries to improve the lives of seven strangers in need of a second chance.",Gabriele Muccino,123 min,"Dramas, Romantic Movies",PG-13,2008,s5516,Seven Pounds,Movie
,"Sarah Jessica Parker, Kim Cattrall, Kristin Davis, Cynthia Nixon, Chris Noth, Candice Bergen, Jennifer Hudson, David Eigenberg, Evan Handler, Jason Lewis, Mario Cantone, Lynn Cohen",United States,"January 1, 2021","When Carrie's big step forward in her relationship goes awry, best friends Charlotte, Miranda and Samantha are there to help her pick up the pieces.",Michael Patrick King,145 min,"Comedies, Dramas, Romantic Movies",R,2008,s5522,Sex and the City: The Movie,Movie
,"Josh Zuckerman, Amanda Crew, Clark Duke, Seth Green, James Marsden, Michael Cudlitz, Dave Sheridan, Alice Greczyn, Katrina Bowden, Charlie McDermott, Mark L. Young",United States,"September 1, 2020","Eager to hook up with a woman he met online, 18-year-old Ian embarks on an epic road trip that speeds straight toward trouble in this raunchy comedy.",Sean Anders,109 min,Comedies,R,2008,s5524,Sex Drive,Movie
,"Rahul Bose, Javed Jaffrey, Minissha Lamba, Seema Biswas, Deepak Dobriyal, Kay Kay Menon, Amrita Rao, Rosa Catalano, Subrat Dutta, Priyesh Kaushik",India,"March 1, 2018",Courtroom intrigue plays out against a backdrop of military secrets in this Bollywood drama with a plot that's reminiscent of A Few Good Men.,Samar Khan,135 min,"Dramas, International Movies",TV-14,2008,s5549,Shaurya: It Takes Courage to Make Right... Right,Movie
,"Dennis Quaid, Sarah Jessica Parker, Thomas Haden Church, Ellen Page, Ashton Holmes, Christine Lahti, Camille Mana, David Denman, Don Wadsworth, Robert Haley",United States,"July 12, 2019",An unexpected romance and a surprise visit from his wild brother turn the life of widowed professor Lawrence Wetherhold upside down.,Noam Murro,95 min,"Comedies, Dramas, Independent Movies",R,2008,s5676,Smart People,Movie
,"Ahmed Helmy, Mahmoud Hemeida, Menna Shalaby, Dalal Abdelaziz, Mohamed Sharaf, Tarek El Tilmisany, Mohammed El Sadaany, Samy Maghawry, Ahmed Fouad Selim, Ahmed Ramah",Egypt,"June 2, 2020","After losing his father, a genius yet troubled aviation engineer suffering from loneliness tackles a complex project: love.",Khaled Marei,116 min,"Dramas, International Movies",TV-14,2008,s5724,Sorry To Disturb,Movie
,"Will Ferrell, John C. Reilly, Mary Steenburgen, Richard Jenkins, Adam Scott, Kathryn Hahn, Andrea Savage, Lurie Poston, Elizabeth Yozamp, Logan Manus, Rob Riggle",United States,"November 1, 2019","Brennan and Dale might be grown men, but that doesn't stop a childish sibling rivalry from erupting after Brennan's mom marries Dale's dad.",Adam McKay,98 min,Comedies,R,2008,s5810,Step Brothers,Movie
,"Purav Bhandare, Anupam Kher, Rahul Bose, Victor Banerjee, Ankush Dubey, Rasika Dugal, Rahul Khanna, Sana Shaikh, Dheirya Sonecha, Fatima Sana Shaikh, Sarika",India,"July 15, 2018","After his family's donkey is confiscated by a moneylender, 8-year-old Tahaan travels across conflict-torn Kashmir to find his beloved pet.",Santosh Sivan,95 min,"Dramas, International Movies",TV-14,2008,s5958,Tahaan,Movie
,"Nicholas Tse, Nick Cheung, Zhang Jing-chu, Miao Pu, Liu Kai-chi, Philip Keung, Kwok Jing-hung, Sherman Chung, Zhang He, Wong Suet-yin, Wong Sum-yin",Hong Kong,"July 21, 2019","Feeling guilty after a high-speed chase leaves a girl dead, a determined sergeant pursues the crime boss who triggered the fatal car accident.",Dante Lam,110 min,"Action & Adventure, International Movies",TV-14,2008,s6121,The Beast Stalker,Movie
,"Asa Butterfield, Vera Farmiga, David Thewlis, Rupert Friend, David Hayman, Jack Scanlon, Amber Beattie, Sheila Hancock, Richard Johnson, Jim Norton","United Kingdom, United States","January 1, 2019","When his family moves from Berlin to Poland, a young boy befriends a boy who lives on the other side of the fence, unaware he's a Jewish prisoner.",Mark Herman,95 min,"Dramas, Independent Movies, International Movies",PG-13,2008,s6166,The Boy in the Striped Pajamas,Movie
,"Jackie Chan, Jet Li, Collin Chou, Liu Yifei, Li Bingbing, Michael Angarano, Morgan Benoit, Juana Collignon, Wang Deshun, Thomas McDonell","United States, China","July 1, 2019",Jackie Chan and Jet Li star in this rousing adventure about a martial arts movie fan who finds a mystical staff that transports him to ancient China.,Rob Minkoff,104 min,"Action & Adventure, Sci-Fi & Fantasy",PG-13,2008,s6365,The Forbidden Kingdom,Movie
,"Haley Bennett, Jake Weber, Chace Crawford, Shannon Woodward, Shanna Collins, AnnaLynne McCord, Marin Hinkle, Nina Siemaszko, Josh Stewart, Jessica Lowndes, Randy Wayne",United States,"October 4, 2018","A troubled teenage girl hopes to start fresh at a new school, but the horrifying truth about her past is destined to catch up with her.",Mickey Liddell,85 min,"Horror Movies, Thrillers",PG-13,2008,s6442,The Haunting of Molly Hartley,Movie
,"Ice Cube, Keke Palmer, Tasha Smith, Jill Marie Jones, Dash Mihok, Matt Craven, Glenn Plummer, Garrett Morris, Miles Chandler, Malcolm Goodwin",United States,"January 30, 2019","When an 11-year-old girl becomes Pop Warner football's first female quarterback, she raises eyebrows – till she takes her team to the brink of glory.",Fred Durst,95 min,"Comedies, Dramas, Sports Movies",PG,2008,s6615,The Longshots,Movie
,"Mike Myers, Jessica Alba, Justin Timberlake, Ben Kingsley, Romany Malco, Meagan Good, Verne Troyer, Omid Djalili, Telma Hopkins","United Kingdom, Germany, United States","November 20, 2019","Raised on an ashram in India, a self-styled love guru returns to his native America to settle a romantic rivalry between two pro hockey players.",Marco Schnabel,87 min,"Comedies, Sports Movies",PG-13,2008,s6623,The Love Guru,Movie
,"Ai-Ai de las Alas, Shaina Magdayao, Carlo Aquino, Alwyn Uytingco, Eugene Domingo, Deejay Durano, Serena Dalrymple, Jiro Manio, Yuki Kadooka, Cherry Pie Picache, Gloria Diaz",Philippines,"February 27, 2019","Raising her large family alone after her husband's death, Ina searches for work and finally lands the most unlikely job: president of the Philippines.",Wenn V. Deramas,106 min,"Comedies, International Movies",TV-PG,2008,s6724,The Only Mother To You All,Movie
,"Cut Mini Theo, Ikranagara, Lukman Sardi, Ario Bayu, Tora Sudiro",Indonesia,"October 21, 2018",Two Indonesian teachers embrace an inspiring crop of gifted young students who've come to study at their crumbling Islamic primary school.,Riri Riza,119 min,"Children & Family Movies, Dramas, International Movies",TV-PG,2008,s6800,The Rainbow Troops,Movie
,"Freddie Highmore, Mary-Louise Parker, Sarah Bolger, Joan Plowright, David Strathairn, Nick Nolte, Seth Rogen, Andrew McCarthy, Martin Short",United States,"March 1, 2019","When city-raised twins move to a tumbledown country mansion, it's quite an adjustment – especially after they uncover a magical fantasy world.",Mark Waters,97 min,Children & Family Movies,PG,2008,s6893,The Spiderwick Chronicles,Movie
,Tim Minchin,United Kingdom,"December 31, 2018",Comedic pianist Tim Minchin performs a host of his catchy songs that touch on everything from the Middle East to the healing power of canvas bags.,Matt Askem,127 min,"Music & Musicals, Stand-Up Comedy",TV-MA,2008,s7093,Tim Minchin: So F**king Rock,Movie
,"John Paul Tremblay, Robb Wells, John Dunsworth, Patrick Roach, Lucy Decoutere, Sarah Dunsworth, Barrie Dunn, Jeanna Harrison, Shelley Thompson, Tyrone Parsons",Canada,"March 1, 2018","A year after the Season 7 finale, the boys are poised to live the good life. But an old enemy throws a wrench in things once again.",Mike Clattenburg,47 min,"Comedies, Cult Movies",TV-MA,2008,s7177,Trailer Park Boys: Say Goodnight to the Bad Guys,Movie
,"Don Cheadle, Guy Pearce, Saïd Taghmaoui, Neal McDonough, Alyy Khan, Archie Panjabi, Raad Rawi, Jeff Daniels, Lorena Gale, Simon Reynolds, Jonathan Walker, Mozhan Marnò, Tom Barnett, Scali Delpeyrat",United States,"July 1, 2018",An FBI agent assigned to pursue an ex-Special Ops soldier who joined a terrorist organization begins to question his target's true intentions.,Jeffrey Nachmanoff,114 min,"Dramas, Thrillers",PG-13,2008,s7184,Traitor,Movie
,"Mike Tyson, Trevor Berbick","United States, France","March 1, 2019","In this surprisingly emotional documentary, heavyweight champ Mike Tyson analyzes the controversies surrounding his career and turbulent private life.",James Toback,90 min,"Documentaries, Sports Movies",R,2008,s7294,Tyson,Movie
,"Mallika Sherawat, Ranvir Shorey, Tinnu Anand, Sushmita Mukherjee, Manish Anand, Vihang Nayak, Bharati Achrekar, Zeenat Aman",India,"February 15, 2019","Everyday guy Kabir is thrown for a loop when he meets Kuhu, a freewheeling party girl. Now, he's a changed man, dancing, running half-naked through the streets and donning ladies' shoes at her whim.",Sachin Kamlakar Khot,115 min,"Comedies, International Movies, Romantic Movies",TV-14,2008,s7300,Ugly Aur Pagli,Movie
,"Dennis Quaid, Matthew Fox, Forest Whitaker, Bruce McGill, Edgar Ramírez, Saïd Taghmaoui, Ayelet Zurer, Zoe Saldana, Sigourney Weaver, William Hurt",United States,"November 1, 2019","Moments after he arrives in Spain for an antiterrorism summit, U.S. President Ashton is shot.",Pete Travis,90 min,Action & Adventure,PG-13,2008,s7393,Vantage Point,Movie
,"Fedi Nuril, Rianti Cartwright, Carissa Putri, Melanie Putria, Zaskia Adya Mecca, Surya Saputra, Dennis Adhiswara, Oka Antara",Indonesia,"March 27, 2019","Polygamy, piety and personal principles collide for a charming and congenial young university student struggling in a four-way love triangle.",Hanung Bramantyo,126 min,"Dramas, International Movies, Romantic Movies",TV-PG,2008,s7408,Verses of Love,Movie
,"Shreyas Talpade, Amrita Rao, Ravi Kishan, Ila Arun, Rajeshwari Sachdev, Divya Dutta, Yashpal Sharma, Ravi Jhankal, Lalit Mohan Tiwari",India,"November 1, 2018","An educated man assists the illiterate residents of his village with written correspondence, sometimes manipulating the letters to suit his interests.",Shyam Benegal,131 min,"Comedies, Dramas, International Movies",TV-14,2008,s7529,Welcome to Sajjanpur,Movie
,"Emma Roberts, Kimberley Nixon, Juno Temple, Linzey Cocker, Sophie Wu, Alex Pettyfer, Georgia King, Natasha Richardson, Aidan Quinn, Lexi Ainsworth","United States, United Kingdom, France","November 1, 2019","When a spoiled girl pushes her father too far with her spending and outlandish behavior, he ships the Malibu princess off to a strict boarding school.",Nick Moore,98 min,"Comedies, Romantic Movies",PG-13,2008,s7620,Wild Child,Movie
,"Anupam Kher, Atul Kulkarni, Aakash Pandey, Milind Gunaji, Perizaad Zorabian, Smiley Suri, Parvin Dabas, Rajit Kapoor, Purab Kohli, Rajpal Yadav, Sarika, Sayaji Shinde, Seema Biswas, Vijay Raaz, Ashwin Mushran, Veerendra Saxena, Siddhant Karnick",India,"March 1, 2018","The lives of a middle-aged soap opera addict, an ambitious career woman, a fervent activist and nine others from different walks of Indian life intersect in Mumbai. But this vibrant melting pot threatens to bubble over with bias and bigotry.",N. Chandra,137 min,"Dramas, Independent Movies, International Movies",TV-MA,2008,s7692,Y.M.I.: Yeh Mera India,Movie
,"Jim Carrey, Zooey Deschanel, Bradley Cooper, John Michael Higgins, Rhys Darby, Danny Masterson, Fionnula Flanagan, Terence Stamp, Sasha Alexander, Molly Sims","United States, United Kingdom","January 1, 2020","After a bitter divorce, a bank drone falls under the sway of a self-help guru who urges him to say yes to everything that comes his way for a year.",Peyton Reed,104 min,"Comedies, Romantic Movies",PG-13,2008,s7706,Yes Man,Movie
,"Adam Sandler, John Turturro, Emmanuelle Chriqui, Nick Swardson, Lainie Kazan, Ido Mosseri, Rob Schneider, Dave Matthews, Michael Buffer, Charlotte Rae",United States,"September 1, 2019",An Israeli counterterrorism soldier with a secretly fabulous ambition to become a Manhattan hairstylist will do anything to make his dreams come true.,Dennis Dugan,113 min,"Action & Adventure, Comedies",UR,2008,s7729,You Don't Mess with the Zohan,Movie
,"Seth Rogen, Elizabeth Banks, Craig Robinson, Jason Mewes, Jeff Anderson, Traci Lords, Katie Morgan, Ricky Mabe, Justin Long, Brandon Routh, Tyler Labine, Tom Savini, Tisha Campbell-Martin, Jennifer Schwalbach, Gerry Bednob",United States,"October 1, 2018",Zack and Miri make and star in an adult film to bring in easy money. But their unspoken feelings for each other might threaten the whole enterprise.,Kevin Smith,101 min,"Comedies, Independent Movies, Romantic Movies",R,2008,s7759,Zack and Miri Make a Porno,Movie
